,Media Type,Name of Piece,Front Cover,Back Cover,Box #,Number of Songs,Genre,Lyrics By,Music By,Publisher Location,Publisher Company,Publisher,Copyright Date,Misc. / Notes / Other,downloaded_filename,drive_file_id
1,Record,I'm Sitting Pretty in a Pretty Little City - Fox Trot (Side 1) & Arcady - Fox Trot (Side 2),,,,,,,,,,,,,NOT DOWNLOADED: 16EaXVz-QYNpMobNCK4c,16EaXVz-QYNpMobNCK4cERdM74MoP21iU
2,Record,Chiming Bells of Long Ago,,,,,,,,,,,,,NOT DOWNLOADED: 1hPftq-7Axl3p8wlvfsw,1hPftq-7Axl3p8wlvfswAn_7vBV5kQh9x
3,Record,Cigarette- Tango (Side 1) & The Cup of Sorrow - Tango,,,,,,,,,,,,,NOT DOWNLOADED: 1MRqNGpQ_VcCi9Cbw229,1MRqNGpQ_VcCi9Cbw229Nw1igDKapfBhO
4,Record,Somebody's Wrong - Fox Trot (Side 1) & Love Tales - Fox Trot (Side 2),,,,,,,,,,,,,NOT DOWNLOADED: 1Jl55ktF5iOPXkHa9_M8,1Jl55ktF5iOPXkHa9_M8ewxSG2Ukh1Ik0
5,Record,"You - Fox Trot (Side 1) & Do You, Don't You, Will You, Won't You Love Me Too- Fox Trot (Side 2)",,,,,,,,,,,,,NOT DOWNLOADED: 1U-5oXSwN3dPWhpJMWQ4,1U-5oXSwN3dPWhpJMWQ4zU9bYYu1ltmr-
6,Record,Roses Are Red (My Love) (Side 1) & You And I (Side 2),,,,,,,,,,,,,NOT DOWNLOADED: 18LhnNpCNpLX2gXaIyrr,18LhnNpCNpLX2gXaIyrrCfe6JZhUAuPvh
7,Record,Alaska's Flag (Side 1) & Aleut Lullaby (Side 2),,,,,,,,,,,,,NOT DOWNLOADED: 1QSHSZs0yRZkfuLdC6Df,1QSHSZs0yRZkfuLdC6DfhewFbKKFw-uEe
8,Record,"Bells Are Ringing & The Party's Over (Side 1) & Mu-Cha-Cha & Hello, Hello, There (Side 2)",,,,,,,,,,,,,NOT DOWNLOADED: 1gMVtDScFr8booiOfanO,1gMVtDScFr8booiOfanObShvHYNok2pfm
9,Record,Bonanza (Side 1) & The Navajo Kid (Side 2),,,,,,,,,,,,,NOT DOWNLOADED: 1chHqJ-TWMAyktfUvTkV,1chHqJ-TWMAyktfUvTkVwKzNtpWraniBU
10,Record,"Look For The Silver Lining, Why Do I Love You, The Way You Look Tonight, & Make Believe (Side 1) & In The Garden Of My Heart, Dear Old Girl, Meet Me In St. Louis, & Daisies Won't Tell (Side 2)",,,,,,,,,,,,,NOT DOWNLOADED: 1vcBN08iZ_UlqHcWbiGb,1vcBN08iZ_UlqHcWbiGbsRtlK78fglU7R
11,Record,"Cold Hearted Love, The Lord's A Busy Man, & Pepper Hot Baby (Side 1) &  It's My Destiny, Only You,  & Diddle, Diddle, Dumpling (Side 2)",,,,,,,,,,,,,NOT DOWNLOADED: 1XL-lUmduxLZrFoh35Ax,1XL-lUmduxLZrFoh35AxhEM3EAFfspwvh
12,Record,The Happy Wanderer (Side 1) & Evensong (Side 2),,,,,,,,,,,,,NOT DOWNLOADED: 18FMF5YUleqPGHAsWA9r,18FMF5YUleqPGHAsWA9rzxzvLYXlkraa1
13,Record,"Holy Night (Side 1) & Silent Night, Holy Night (Side 2)",,,,,,,,,,,,,,
14,Record,"Silent Night, Holy Night, Hark! The Herald Angels Sing, It Came Upon The Midnight Clear, & Joy To The World (Side 1) & The First Nowell, O Come All Ye Faithful, Away In A Manger, & O Little Town Of Bethlehem (Side 2)",,,,,,,,,,,,,,
15,Record,Ave Maria & Agnus Dei (Side 1) & Crucifixus & Panis Angelicus (Side 2),,,,,,,,,,,,,NOT DOWNLOADED: 13CnrYMhC8ssJJhz8NT5,13CnrYMhC8ssJJhz8NT50MRm5wJgLz_Va
16,Record,Four Leaf Clover (Side 1) & My Little Girl (Side 2),,,,,,,,,,,,,NOT DOWNLOADED: 1w5gtMcxaEofFann9qUy,1w5gtMcxaEofFann9qUyZKEhZ3KPcveC7
17,Record,When The Organ Played At Twilight (Side 1) & I Can't Believe It's True (Side 2),,,,,,,,,,,,,NOT DOWNLOADED: 1vRQ5icOYK6ymuk4CRgw,1vRQ5icOYK6ymuk4CRgwIgictMflB18Nw
18,Record,Mean To Me - Fox Trot (Side 1) & That's What I Call Heaven - Fox Trot (Side 2),,,,,,,,,,,,,NOT DOWNLOADED: 1QJw74pB4AR5hkouM9No,1QJw74pB4AR5hkouM9NohNDLj0enDLFMc
19,Record,Vocalion: Old Time Waltzes Part 1 (Side 1) & Old Time Waltzes Part 2 (Side 2),,,,,,,,,,,,,NOT DOWNLOADED: 1EL0_vqwQ85uMZMwWfyE,1EL0_vqwQ85uMZMwWfyEWFhN17eRMk15W
20,Record,I'll Be Back (Side 1) & At Mail Call Today (Side 2),,,,,,,,,,,,,NOT DOWNLOADED: 1M6rfeUO01IAVuZzCG5K,1M6rfeUO01IAVuZzCG5KJdM4xoU-fxIov
21,Record,Barbara (Side 1) & It's Too Late Now (Side 2),,,,,,,,,,,,,NOT DOWNLOADED: 1HXeUFu_GxCB0FHD0z4S,1HXeUFu_GxCB0FHD0z4SQdVRMwEKBYJZ7
22,Record,Me and the Man on the Moon (Side 1) Don't Be Like That (Side 2),,,,,,,,,,,,,NOT DOWNLOADED: 1KcY80nTbd4yWdByy1RG,1KcY80nTbd4yWdByy1RGdWDCHYI4MvCQX
23,Record,She Stole My Heart (Side 1) With You (Side 2),,,,,,,,,,,,,NOT DOWNLOADED: 1WMxx14JP0Pso6kQNINJ,1WMxx14JP0Pso6kQNINJBsxXCAxOqsI35
24,Record,Shake Your Feet (Side 1) Swanee River Blues (Side 2),,,,,,,,,,,,,NOT DOWNLOADED: 1WMxx14JP0Pso6kQNINJ,1WMxx14JP0Pso6kQNINJBsxXCAxOqsI35
25,Record,MAD (Cause You Treat Me This Way) (Side 1) Wonder (If She's Lonely Too),,,,,,,,,,,,,NOT DOWNLOADED: 1odSvkVyqBOHZqXzAg0R,1odSvkVyqBOHZqXzAg0RlmnjhJ1GAlcEB
26,Record,You're Always Messin' 'Round With My Man (Side 1) I'm Goin' Away (Side 2),,,,,,,,,,,,,NOT DOWNLOADED: 18yh09ljLrgMhuXlf8k3,18yh09ljLrgMhuXlf8k3W75iUnEaYa5bm
27,Record,If I Had A Girl Like You (Side 1) Every Highway Every Byway Points My Way Home,,,,,,,,,,,,,NOT DOWNLOADED: 1U2FOiXGPtfV4og8qZgP,1U2FOiXGPtfV4og8qZgPvvmU74U6AOXb0
28,Record,"Love, Here is My Heart!",,,,,,,,,,,,,NOT DOWNLOADED: 1xv9NbAl_OMKinsG5t0v,1xv9NbAl_OMKinsG5t0vAO2cPtvKP_JFC
29,Record,It Ain't Gonna Rain No More (Side 1) & Maybe She'll Phone Me (Side 2),,,,,,,,,,,,,NOT DOWNLOADED: 1LNumEAPiZ2ckeAxnP0y,1LNumEAPiZ2ckeAxnP0y58zwf2XBGjjOE
30,Record,"Stille Nacht, Heilige Nacht (Slient Night, Holy Night in German)",,,,,,,,,,,,,NOT DOWNLOADED: 1XFP4uEI7CX5QHhroqj2,1XFP4uEI7CX5QHhroqj2xIqQ6rdWikD-t
31,Record,Love Me or Not,,,,,,,,,,,,,NOT DOWNLOADED: 1-_3Chofem6g7kxqdVvx,1-_3Chofem6g7kxqdVvxvCI70pM6Uw9bg
32,Record,Villanelle,,,,,,,,,,,,,NOT DOWNLOADED: 1RAL2O27IwOS-5pqdgsO,1RAL2O27IwOS-5pqdgsOlIzATTGDRK0KP
33,Record,Lakme- Dov'e L'Indiana bruna,,,,,,,,,,,,,NOT DOWNLOADED: 1RysvSBQprMCapgLXABx,1RysvSBQprMCapgLXABxiGD2IvBIDkake
34,Record,Durang's Hornpipe (Side 1) & Ragtime Annie (Side 2),,,,,,,,,,,,,NOT DOWNLOADED: 1bYLVFDTktNIgB94RDQg,1bYLVFDTktNIgB94RDQg5jLNOvCokSZjd
35,Record,Arkansas Traveler And Medley Reels (Side 1) & Old Zip Coon And Medley Reels (Side 2),,,,,,,,,,,,,NOT DOWNLOADED: 1UTOBuiBFdyiQU1yuNjm,1UTOBuiBFdyiQU1yuNjmcn_ht88ED4x0l
36,Record,"Gems from ""Chin Chin"" (Side 1) & Gems from ""Maid in America"" (Side 2)",,,,,,,,,,,,,NOT DOWNLOADED: 1JO5TbhaCIvHDtTsEePT,1JO5TbhaCIvHDtTsEePTgZkbxeuBm3srf
37,Record,Carmen - II fior che avevi a me,,,,,,,,,,,,,NOT DOWNLOADED: 1Zhvj01q2xD0cq8FbkFr,1Zhvj01q2xD0cq8FbkFrH9yX3VWJFTubg
38,Record,Aloha Oe,,,,,,,,,,,,,NOT DOWNLOADED: 1s5Oi_Qg8ZzHtu6ZbhoG,1s5Oi_Qg8ZzHtu6ZbhoGbH0kR1-hYDPwQ
39,Record,Elijah- If With All Your Hearts,,,,,,,,,,,,,NOT DOWNLOADED: 1dmzS1aNgALeeEzIonVU,1dmzS1aNgALeeEzIonVUj4yF7g8Fi742y
40,Record,Open the Gates of the Temple,,,,,,,,,,,,,NOT DOWNLOADED: 1waWFoda_7iBQmBkpFFT,1waWFoda_7iBQmBkpFFT4VkdhxT7rkpYc
41,Record,Elijah - Oh Rest in the Lord,,,,,,,,,,,,,NOT DOWNLOADED: 1Q8FOkPC5NevkKderIkI,1Q8FOkPC5NevkKderIkIyN_XDEY6RAFYz
42,Record,O'er Waiting Harp-Strings of the Mind,,,,,,,,,,,,,NOT DOWNLOADED: 1bppP0wjAAThseJIoyWp,1bppP0wjAAThseJIoyWp3zwiuSIFHvQhN
43,Record,Missouri Waltz,,,,,,,,,,,,,NOT DOWNLOADED: 1O21xnIq9d20Y5D3qNy9,1O21xnIq9d20Y5D3qNy9JJ06Hc4-FToAW
44,Record,I'm All Bound 'Round With The Mason Dixion Line,,,,,,,,,,,,,NOT DOWNLOADED: 1A1DtleXVjUdQADG7Nhc,1A1DtleXVjUdQADG7NhcY2q71hlGRVFXW
45,Record,A Perfect Day (Side 1) & Mother Machree (Side 2),,,,,,,,,,,,,NOT DOWNLOADED: 1PaWqYZx3kQOPt65S94A,1PaWqYZx3kQOPt65S94AU3Dz4xwWYpjzf
46,Record,"Good Bye (Tosti) (Side 1) & Good Night, Beloved, Good Night (Side 2)",,,,,,,,,,,,,NOT DOWNLOADED: 1ca5mUc7ahFg7cwUXFes,1ca5mUc7ahFg7cwUXFesSCLHTk0Rk-X0s
47,Record,For Me And My Gal (Side 1) & Too Fat Polka (I Don't Want Her) (You Can Have Her) (She's Too Fat For Me) (Side 2),,,,,,,,,,,,,NOT DOWNLOADED: 12uJX3KUy_Wq4q_LQpWO,12uJX3KUy_Wq4q_LQpWOPeLjRgdT_HLTA
48,Record,I Tipped My Hat (And Slowly Rode Away) (Side 1) & Heartaches (Side 2),,,,,,,,,,,,,NOT DOWNLOADED: 1nmPwga65Pal1EwH9B6W,1nmPwga65Pal1EwH9B6WCfOiu7LwYpecU
49,Record,That's My Desire (Side 1) & By The River Sainte River (Side 2),,,,,,,,,,,,,NOT DOWNLOADED: 1jO_B3CDSodRtxzY44sJ,1jO_B3CDSodRtxzY44sJUGSfSdqqlKa36
50,Record,"Tzena, Tzena, Tzena (Side 1) & Goodnight Irene (Side 2)",,,,,,,,,,,,,NOT DOWNLOADED: 1ZZ4qq-zu6R6D7iyFTrq,1ZZ4qq-zu6R6D7iyFTrqU8Tw26xfNXR6B
51,Record,I Gambled With Love (Side 1) & Marie (Side 2),,,,,,,,,,,,,NOT DOWNLOADED: 171K8jF4cfIw0I4wnHQB,171K8jF4cfIw0I4wnHQB5_Sj-EArwjMJS
52,Record,I'll See You In My Dreams (Side 1) & I'll Get By (Side 2),,,,,,,,,,,,,NOT DOWNLOADED: 1R749Nz7y9UGkdE7aqM3,1R749Nz7y9UGkdE7aqM30QlLeR2a-BRsH
53,Record,Christmas Carols,,,,,,,,,,,,,NOT DOWNLOADED: 1f3lT5We15nIyn_jzEwd,1f3lT5We15nIyn_jzEwdT_JKWld_2CSYB
54,Record,Polka Favorites,,,,,,,,,,,,,,
55,Record,The Dave Clark Five's Greatest Hits,,,,,,,,,,,,,,
56,Record,The Merry-Go-Round: You're A Very Lovely Woman,,,,,,,,,,,,,,
57,Record,Sing Along With Connie Francis,,,,,,,,,,,,,,
58,Record,John Braden,,,,,,,,,,,,,,
59,Record,Discotheque Dance Party,,,,,,,,,,,,,,
60,Record,In Memory of Hank Williams,,,,,,,,,,,,,,
61,Record,John Fitzgerald Kennedy A Memorial Album,,,,,,,,,,,,,,
62,Record,Documentaries Unlimited JFK The Man The President,,,,,,,,,,,,,,
63,Record,A Very Merry Christmas V. VIII,,,,,,,,,,,,,NOT DOWNLOADED: 1s_7LrPu3-V95E_dxmfn,1s_7LrPu3-V95E_dxmfnhAR4eWcxdK-dT
64,Record,Groovin' The Young Rascals,,,,,,,,,,,,,,
65,Record,Shindig!,,,,,,,,,,,,,,
66,Record,All Star Four,,,,,,,,,,,,,,
67,Record,Osmonds,,,,,,,,,,,,,,
68,Record,More Of The Monkees,,,,,,,,,,,,,,
69,Record,Mother Machree,,,,,,,,,,,,,NOT DOWNLOADED: 1Dd2TMMofKFD65MGmEj9,1Dd2TMMofKFD65MGmEj9vwN2lYIp_H_L3
70,Record,Cohen On The Telephone (Side 1) & Happy Tho' Married (Side 2),,,,,,,,,,,,,NOT DOWNLOADED: 19mcw7vwp2jStZv9_Fxg,19mcw7vwp2jStZv9_Fxg9iXr0Xsx63PvQ
71,Record,From Me To You (Side 1) & Love Songs Of The Nile (Side 2),,,,,,,,,,,,,NOT DOWNLOADED: 1Wo7gSewLeKaYl6rU2zI,1Wo7gSewLeKaYl6rU2zIgehDJo6M1dXUU
72,Record,Johnson Rag (Side 1) & Back Of The Yards (Side 2),,,,,,,,,,,,,NOT DOWNLOADED: 1YrQFW7LQ1lu8Q2EzLez,1YrQFW7LQ1lu8Q2EzLez6aVXYPX2EaH1w
73,Record,I Love You-Fox Trot (Side 1) & The Life of a Rose-Fox Trot (Side 2),,,,,,,,,,,,,NOT DOWNLOADED: 1_lPNiLT_tfsUAPiyQbT,1_lPNiLT_tfsUAPiyQbTyAsuga5Yo7mz4
74,Record,War Song Hits Part I & II,,,,,,,,,,,,,NOT DOWNLOADED: 1aRuCxOlYqtwhQ-icir3,1aRuCxOlYqtwhQ-icir3FnY4gI23esRfJ
75,Record,The Cross Bow (Side 1) & Way Down Yonder in the Cornfield (Side 2),,,,,,,,,,,,,NOT DOWNLOADED: 1W7mmQTU6mOTnKmfZ_1P,1W7mmQTU6mOTnKmfZ_1PWTrklHdRH7C3z
76,Record,Parade of the Wooden Soldiers- Fox Trot (Side 1) & Mister Gallagher and Mister Shean- Fox Trot (Side 2),,,,,,,,,,,,,NOT DOWNLOADED: 1haWaJgPokl4g6V2Bi-J,1haWaJgPokl4g6V2Bi-JFUyYHMi-eSJlY
77,Record,"Will You Remember? (Side 1) & Just A Voice to Call Me, Dear (Side 2)",,,,,,,,,,,,,NOT DOWNLOADED: 18Al_u_Ij8PyDonKxWoU,18Al_u_Ij8PyDonKxWoUWU6XgovfOLXGW
78,Record,Whispering Hope,,,,,,,,,,,,,NOT DOWNLOADED: 1AOsc9MtITT4ALzZDBPu,1AOsc9MtITT4ALzZDBPuF9RnAXv36AtSl
79,Record,Because (Side 1) & Ave Maria (Side 2),,,,,,,,,,,,,NOT DOWNLOADED: 1c-qCZNAGpws_cYJn9x4,1c-qCZNAGpws_cYJn9x4a6hUE_GrIqgvy
80,Record,Life's Dream is O'er,,,,,,,,,,,,,NOT DOWNLOADED: 1TMHqGpeSSbXPQslgTwp,1TMHqGpeSSbXPQslgTwpXluJAREI2yMy2
81,Record,The Last Round-Up- Fox Trot (Side 1) & Beloved - Fox Trot (Side 2),,,,,,,,,,,,,NOT DOWNLOADED: 1ySl9igoBATQNuCVQueP,1ySl9igoBATQNuCVQuePqjdR-c2lirF5H
82,Record,Patty On The Turnpike (Side 1) & Turkey In The Straw (Side 2),,,,,,,,,,,,,NOT DOWNLOADED: 1tUQCj38LsHtXx3KIFQR,1tUQCj38LsHtXx3KIFQRZX92CNS9KE0f-
83,Record,I Hear You Calling Me,,,,,,,,,,,,,NOT DOWNLOADED: 1ie3Q7_6qSkTJoLD_Dpb,1ie3Q7_6qSkTJoLD_DpbPj2o5ICAJEycZ
84,Record,Venetian Love Song (Side 1) & Minuet (Side 2),,,,,,,,,,,,,NOT DOWNLOADED: 1L8xJ9xAt3zTJdPmFFjg,1L8xJ9xAt3zTJdPmFFjgQ1ME-7ilVI-gm
85,Record,A Kiss in the Dark-Medley Waltz (Side 1) & The Waltz is Made for Love- Medley Waltz (Side 2),,,,,,,,,,,,,NOT DOWNLOADED: 1eKW4Kc0X6V78JRZsa_O,1eKW4Kc0X6V78JRZsa_Od1KY_cGa6eTM_
86,Record,Carry Me Back to Old Virginny,,,,,,,,,,,,,NOT DOWNLOADED: 13lOVY0zmrjZauZM1l0E,13lOVY0zmrjZauZM1l0Ex_VzrL-48lh3k
87,Record,"Lucia - Mad Scene, II dolce suono",,,,,,,,,,,,,NOT DOWNLOADED: 1P7ws2Uw7ECNfn1P2fKH,1P7ws2Uw7ECNfn1P2fKHxPw7BLm5P8bW9
88,Record,Gems from Robin Hood Part 1 (Side 1) & Gems from Robin Hood Part 2 (Side 2),,,,,,,,,,,,,NOT DOWNLOADED: 1233ipQy5lEGklnGKrGq,1233ipQy5lEGklnGKrGqm0ieJrR2Os5Qq
89,Record,Fiddle and I,,,,,,,,,,,,,NOT DOWNLOADED: 1bQP5e4JsYiXiUoYU_mT,1bQP5e4JsYiXiUoYU_mT-By7WWE4CR_ta
90,Record,Jewels of the Madonna- Intermezzo (Side 1) & Merry Wives of Windsor Overture (Side 2),,,,,,,,,,,,,NOT DOWNLOADED: 1_N74145IpUFflUXzKT2,1_N74145IpUFflUXzKT2y59ZyIGIb2avl
91,Record,"There's A Long, Long Trail",,,,,,,,,,,,,NOT DOWNLOADED: 1imLm-gDYXwNSpxOwBG7,1imLm-gDYXwNSpxOwBG73bsrIh3ObhXzQ
92,Record,Songs of the Past - No.5 (Side 1) & Songs of the Past - No.6 (Side 2),,,,,,,,,,,,,NOT DOWNLOADED: 1MBNE2ZuxkEvdEC6xzb9,1MBNE2ZuxkEvdEC6xzb9x_tRXsKY5vfiy
